player,bt_rating,elo,wins
1,-0.1667153875517796,1171.03857085516,18
2,-2.8646868063338844,702.3529310512579,17
3,0.5427980441704671,1294.2936781484445,20
4,8.81551880120006,2731.412468190222,30
5,-1.7476446764248768,896.4030242804329,18
6,-6.778542300941877,22.446593341268454,18
7,-7.623385537786516,-124.31770899269509,23
8,12.7959145772869,3422.878036728433,19
9,-8.476164669798102,-272.4606175186457,18
10,5.502907956179608,2155.953023916122,19
