player,bt_rating,elo,wins
4,0.762145775100288,1332.3982818127727,30
10,0.283019452017359,1249.1655145129685,19
5,0.007134743475044725,1201.2394318884028,18
1,-0.04685973835353734,1191.8596296838514,18
7,-0.048939431275699996,1191.498350019792,23
3,-0.08223987982179484,1185.7134696004032,20
8,-0.1736158332744527,1169.839840655148,19
2,-0.18465408005156572,1167.9223007890735,17
6,-0.2201573545918889,1161.7547503001301,18
9,-0.29583365322375227,1148.6084307374576,18
