player_no,bt_rating,elo_rating,wins
1,-0.014668,1197.5,18
2,-0.147236,1174.4,17
3,-0.089584,1184.4,20
4,0.452176,1278.6,30
5,0.045734,1207.9,18
6,-0.188322,1167.3,18
7,-0.068618,1188.1,23
8,-0.051340,1191.1,19
9,-0.111980,1180.5,18
10,0.173839,1230.2,19
