player_no,bt_rating,elo_rating
1,-0.003531,1199.4
2,-0.084190,1185.4
3,-0.132562,1177.0
4,0.581120,1301.0
5,0.256010,1244.5
6,-0.311780,1145.8
7,-0.193905,1166.3
8,0.132363,1223.0
9,-0.469701,1118.4
10,0.226175,1239.3
