player_no,bt_rating,elo_rating,wins
1,-0.003531,1199.4,18
2,-0.084190,1185.4,17
3,-0.132562,1177.0,20
4,0.581120,1301.0,30
5,0.256010,1244.5,18
6,-0.311780,1145.8,18
7,-0.193905,1166.3,23
8,0.132363,1223.0,19
9,-0.469701,1118.4,18
10,0.226175,1239.3,19
