player_no,bt_rating,elo_rating,wins
1,0.045012,1207.8,105
2,-0.094767,1183.5,96
3,0.147608,1225.6,116
4,-0.103593,1182.0,87
5,0.066361,1211.5,111
6,-0.089347,1184.5,95
7,0.002834,1200.5,100
8,0.094677,1216.4,101
9,0.013469,1202.3,84
10,-0.082253,1185.7,105
