player_no,bt_rating,elo_rating,wins
1,-34.388397,-4773.9,105
2,11.266922,3157.3,96
3,-8.903953,-346.8,116
4,-6.646971,45.3,87
5,13.578375,3558.8,111
6,5.037506,2075.1,95
7,-4.451260,426.7,100
8,-1.958685,859.7,101
9,14.176284,3662.7,84
10,12.290179,3335.0,105
