player_no,bt_rating,elo_rating,wins
1,6.300481,2294.5,105.0
2,-9.140516,-387.9,96.0
3,-8.079749,-203.6,116.0
4,-7.139084,-40.2,87.0
5,9.873284,2915.2,111.0
6,-2.213444,815.5,95.0
7,3.273899,1768.7,100.0
8,-3.028583,673.9,101.0
9,2.592009,1650.3,84.0
10,7.561703,2513.6,105.0
