player,bt_rating,elo,wins
8,2.7477743724677897,1677.3372989911727,101
5,1.309380352611577,1427.4626647406967,111
3,1.19295190349962,1407.2369715463462,116
10,0.24884695142305113,1243.2291431365911,105
2,-0.018418656049755233,1196.800351725407,96
4,-0.3225300207212116,1143.9707967010545,87
1,-0.6914680638794912,1079.8796941779246,105
6,-0.9405035696425246,1036.6177957975763,95
9,-1.694579981144764,905.6213060180451,84
7,-1.8314532885642911,881.8439771651858,100
