player_no,bt_rating,elo_rating,wins
1,0.035498,1206.2,105
2,-0.086424,1185.0,96
3,0.114304,1219.9,116
4,-0.081573,1185.8,87
5,0.033090,1205.7,111
6,-0.066741,1188.4,95
7,0.011578,1202.0,100
8,0.086636,1215.1,101
9,0.018035,1203.1,84
10,-0.064404,1188.8,105
