player_no,bt_rating,elo_rating,wins
1,-0.358214,1137.8,105
2,-0.159068,1172.4,96
3,-0.006405,1198.9,116
4,-0.039574,1193.1,87
5,0.639403,1311.1,111
6,0.064992,1211.3,95
7,-0.288057,1150.0,100
8,0.403746,1270.1,101
9,-0.037039,1193.6,84
10,-0.219783,1161.8,105
