player_no,bt_rating,elo_rating,wins
1,0.015859,1202.8,105
2,-0.044764,1192.2,96
3,0.057444,1210.0,116
4,-0.035033,1193.9,87
5,0.012814,1202.2,111
6,-0.032501,1194.4,95
7,0.004264,1200.7,100
8,0.042547,1207.4,101
9,0.010030,1201.7,84
10,-0.030659,1194.7,105
