player_no,bt_rating,elo_rating,wins
1,0.042399,1207.4,105.0
2,-0.123021,1178.6,96.0
3,0.158709,1227.6,116.0
4,-0.113309,1180.3,87.0
5,0.036518,1206.3,111.0
6,-0.093208,1183.8,95.0
7,0.015197,1202.6,100.0
8,0.127558,1222.2,101.0
9,0.030398,1205.3,84.0
10,-0.081240,1185.9,105.0
