player_no,bt_rating,elo_rating,wins
1,-0.529896,1107.9,18
2,0.669972,1316.4,17
3,0.034286,1206.0,20
4,-0.367176,1136.2,30
5,0.518142,1290.0,18
6,1.532165,1466.2,18
7,-2.946584,688.1,23
8,2.149158,1573.3,19
9,-0.301567,1147.6,18
10,-0.758500,1068.2,19
