player_no,bt_rating,elo_rating,wins
1,-0.040737,1192.9,18
2,-0.194829,1166.2,17
3,-0.058108,1189.9,20
4,0.470700,1281.8,30
5,0.022060,1203.8,18
6,-0.157706,1172.6,18
7,-0.040432,1193.0,23
8,-0.057006,1190.1,19
9,-0.075846,1186.8,18
10,0.131905,1222.9,19
