player_no,bt_rating,elo_rating,wins
1,-0.760905,1067.8,18
2,0.245004,1242.6,17
3,-0.904111,1042.9,20
4,3.457476,1800.6,30
5,-0.586741,1098.1,18
6,-1.971244,857.6,18
7,1.527185,1465.3,23
8,1.115965,1393.9,19
9,-3.510853,590.1,18
10,1.388224,1441.2,19
