player_no,bt_rating,elo_rating,wins
1,-0.025641,1195.5,18
2,-0.133866,1176.7,17
3,-0.075494,1186.9,20
4,0.471838,1282.0,30
5,0.054464,1209.5,18
6,-0.215339,1162.6,18
7,-0.084230,1185.4,23
8,-0.075691,1186.9,19
9,-0.116432,1179.8,18
10,0.200391,1234.8,19
