player_no,bt_rating,elo_rating
1,-0.041842,1192.7
2,-0.195014,1166.1
3,-0.083439,1185.5
4,0.752859,1330.8
5,-0.001241,1199.8
6,-0.203752,1164.6
7,-0.076721,1186.7
8,-0.132348,1177.0
9,-0.269875,1153.1
10,0.251372,1243.7
