player_no,bt_rating,elo_rating,wins
1,-0.041833,1192.7,18.0
2,-0.195015,1166.1,17.0
3,-0.083439,1185.5,20.0
4,0.752848,1330.8,30.0
5,-0.001252,1199.8,18.0
6,-0.203748,1164.6,18.0
7,-0.076721,1186.7,23.0
8,-0.132342,1177.0,19.0
9,-0.269865,1153.1,18.0
10,0.251367,1243.7,19.0
