player_no,bt_rating,elo_rating,wins
1,-0.041842,1192.7,18.0
2,-0.195014,1166.1,17.0
3,-0.083439,1185.5,20.0
4,0.752859,1330.8,30.0
5,-0.001241,1199.8,18.0
6,-0.203752,1164.6,18.0
7,-0.076721,1186.7,23.0
8,-0.132348,1177.0,19.0
9,-0.269875,1153.1,18.0
10,0.251372,1243.7,19.0
