player_no,bt_rating,elo_rating,wins
1,0.300000,1252.1,4
2,0.100000,1217.4,3
3,-0.100000,1182.6,2
4,0.500000,1286.9,5
5,0.100000,1217.4,3
6,-0.500000,1113.1,0
7,-0.100000,1182.6,2
8,-0.300000,1147.9,1
9,0.100000,1217.4,3
10,0.100000,1217.4,3
11,-0.300000,1147.9,1
12,-0.100000,1182.6,2
13,-0.100000,1182.6,2
14,-0.300000,1147.9,1
15,0.300000,1252.1,4
16,0.300000,1252.1,4
17,-0.100000,1182.6,2
18,0.100000,1217.4,3
19,0.100000,1217.4,3
20,-0.100000,1182.6,2
