player_no,bt_rating,elo_rating,wins
1,0.118085,1220.5,4
2,0.022378,1203.9,3
3,0.016331,1202.8,2
4,0.318921,1255.4,5
5,0.133521,1223.2,3
6,-0.316166,1145.1,0
7,-0.090977,1184.2,2
8,-0.205793,1164.3,1
9,-0.014619,1197.5,3
10,0.117041,1220.3,3
11,-0.219966,1161.8,1
12,-0.035971,1193.8,2
13,-0.003784,1199.3,2
14,-0.125074,1178.3,1
15,0.126158,1221.9,4
16,0.197544,1234.3,4
17,-0.010247,1198.2,2
18,0.009301,1201.6,3
19,0.065050,1211.3,3
20,-0.101732,1182.3,2
