player_id,theta
1,0.30471707975443135
2,-1.0399841062404955
3,0.7504511958064572
4,0.9405647163912139
5,-1.9510351886538364
6,-1.302179506862318
7,0.12784040316728537
8,-0.3162425923435822
9,-0.016801157504288795
10,-0.85304392757358
11,0.8793979748628286
12,0.7777919354289483
13,0.06603069756121605
14,1.1272412069680329
15,0.4675093422520456
16,-0.8592924628832382
17,0.36875078408249884
18,-0.9588826008289989
19,0.8784503013072725
20,-0.049925910986252896
