player_no,bt_rating,elo_rating,wins
1,1.780362,1509.3,105.0
2,-4.324108,448.8,96.0
3,-3.731645,551.7,116.0
4,-3.555101,582.4,87.0
5,4.482238,1978.6,111.0
6,-1.039108,1019.5,95.0
7,2.747395,1677.3,100.0
8,-1.574920,926.4,101.0
9,1.069592,1385.8,84.0
10,4.145295,1920.1,105.0
