player,bt_rating,elo,wins
3,0.1574239763897464,1227.3473457061339,116
8,0.12678514835146676,1222.0248361265308,101
1,0.04340324610226265,1207.5399161115606,105
5,0.036310344259769714,1206.3077528592103,111
9,0.033089343647799765,1205.7482077424158,84
7,0.01593881222214145,1202.7688552784673,100
10,-0.08295301849486704,1185.5895847241843,105
6,-0.09416908079790984,1183.6411551374265,95
4,-0.11272377351345088,1180.4178748735185,87
2,-0.12310499816695895,1178.6144714405518,96
