player_no,bt_rating,elo_rating,wins
1,-1.164012,997.8,105.0
2,0.591536,1302.8,96.0
3,-1.093094,1010.1,116.0
4,-1.343933,966.5,87.0
5,-1.536089,933.2,111.0
6,0.923378,1360.4,95.0
7,1.445821,1451.2,100.0
8,0.357708,1262.1,101.0
9,0.135671,1223.6,84.0
10,1.683015,1492.4,105.0
