player,bt_rating,elo,wins
6,9.429618896982687,2838.0925813640833,95
8,8.130825163922635,2612.4690008046814,101
3,4.442347043727951,1971.714723116109,116
5,3.053024204707878,1730.364626088678,111
4,0.9952923175717725,1372.8999845608478,87
10,-0.5910859576936591,1097.3178520972579,105
7,-2.838912657533955,706.8303592910829,100
2,-3.2405191000448514,637.0641745393717,96
1,-5.800114039233232,192.41699134057046,105
9,-13.580475872407229,-1159.1702932026838,84
