player_no,bt_rating,elo_rating,wins
1,0.015898,1202.8,105
2,-0.043772,1192.4,96
3,0.056558,1209.8,116
4,-0.034161,1194.1,87
5,0.013325,1202.3,111
6,-0.032314,1194.4,95
7,0.003074,1200.5,100
8,0.043852,1207.6,101
9,0.009652,1201.7,84
10,-0.032112,1194.4,105
