player_no,bt_rating,elo_rating,wins
1,0.136225,1223.7,4
2,0.045280,1207.9,3
3,-0.047639,1191.7,2
4,0.233752,1240.6,5
5,0.047522,1208.3,3
6,-0.231473,1159.8,0
7,-0.047638,1191.7,2
8,-0.142855,1175.2,1
9,0.047646,1208.3,3
10,0.047637,1208.3,3
11,-0.140703,1175.6,1
12,-0.047627,1191.7,2
13,-0.043138,1192.5,2
14,-0.142952,1175.2,1
15,0.142950,1224.8,4
16,0.138597,1224.1,4
17,-0.047639,1191.7,2
18,0.047742,1208.3,3
19,0.047646,1208.3,3
20,-0.043334,1192.5,2
